defect_id,defect_type,severity,location_on_part,disposition,cost_impact,inspection_id,inspection_type,inspection_date,inspection_result,dimension_error,visual_score,run_id,part_number,production_line,run_date,shift,operator_id,year_month,year,supplier_name,supplier_tier,supplier_country
DEF-000111,Contamination,Minor,Edge Break,Rework,77.54,INS-000322,Final,2024-06-25,Fail,0.0145,6,RUN-00208,AV-3301-PCB,Line-Delta,2024-06-23,Night,OP-009,2024-06,2024,Internal,N/A,N/A
DEF-000184,Marking / Labeling Error,Minor,Flange,Return to Supplier,102.4,INS-000526,Receiving,2024-06-17,Fail,0.0662,1,RUN-00335,ST-8801-FASTENER,Line-Charlie,2024-06-16,Night,OP-014,2024-06,2024,Helios Fastener Systems,Tier-2,Germany
DEF-000199,Porosity / Void,Minor,Seal Face,Scrap,253.63,INS-000572,IQC,2024-06-17,Fail,0.0426,1,RUN-00371,PR-5502-NOZZLE,Line-Alpha,2024-06-16,Night,OP-005,2024-06,2024,Quantum Seal Technologies,Tier-2,USA
DEF-000038,Porosity / Void,Minor,Thread,Use-As-Is,112.9,INS-000107,FAI,2024-06-15,Fail,0.0304,4,RUN-00069,GD-2201-SERVO,Line-Delta,2024-06-15,Day,OP-012,2024-06,2024,Internal,N/A,N/A
DEF-000156,Contamination,Minor,Seal Face,MRB Hold,332.62,INS-000442,FAI,2024-06-10,Fail,0.0224,2,RUN-00285,GD-2201-SERVO,Line-Alpha,2024-06-10,Night,OP-012,2024-06,2024,Internal,N/A,N/A
DEF-000106,Contamination,Critical,Edge Break,Rework,7326.74,INS-000297,IQC,2024-06-07,Fail,0.0014,6,RUN-00189,ST-8802-FASTENER,Line-Alpha,2024-06-05,Night,OP-007,2024-06,2024,Delta Forge Industries,Tier-2,USA
DEF-000054,Contamination,Minor,Edge Break,MRB Hold,228.68,INS-000155,IQC,2024-05-24,Fail,0.0653,6,RUN-00098,AV-3301-PCB,Line-Bravo,2024-05-23,Night,OP-019,2024-05,2024,Orbital Composites Ltd,Tier-1,USA
DEF-000036,Wrong Material Cert,Minor,Weld Zone,Return to Supplier,354.67,INS-000097,IQC,2024-05-20,Fail,0.0227,3,RUN-00064,GD-2201-SERVO,Line-Charlie,2024-05-19,Day,OP-011,2024-05,2024,StratoMet Components,Tier-2,UK
DEF-000105,Marking / Labeling Error,Major,Datum,Return to Supplier,1449.4,INS-000296,Final,2024-05-17,Fail,0.2445,2,RUN-00188,ST-8802-FASTENER,Line-Charlie,2024-05-15,Night,OP-009,2024-05,2024,Internal,N/A,N/A
DEF-000072,Surface Finish Non-Conformance,Minor,Thread,MRB Hold,257.29,INS-000210,IQC,2024-05-16,Fail,0.0792,4,RUN-00132,AV-3301-PCB,Line-Bravo,2024-05-14,Night,OP-010,2024-05,2024,Atlas Substrate Corp,Tier-3,India
DEF-000073,Dimensional Out-of-Tolerance,Minor,Edge Break,Rework,441.09,INS-000210,IQC,2024-05-16,Fail,0.0792,4,RUN-00132,AV-3301-PCB,Line-Bravo,2024-05-14,Night,OP-010,2024-05,2024,Atlas Substrate Corp,Tier-3,India
DEF-000221,Weld Defect,Minor,Surface,Return to Supplier,130.76,INS-000634,In-Process,2024-05-13,Fail,0.111,1,RUN-00412,AS-7741-FRAME,Line-Charlie,2024-05-10,Swing,OP-002,2024-05,2024,Internal,N/A,N/A
DEF-000259,Corrosion / Oxidation,Major,Bore,Return to Supplier,1249.93,INS-000750,Receiving,2024-05-13,Fail,0.0284,3,RUN-00492,PR-5502-NOZZLE,Line-Charlie,2024-05-11,Swing,OP-007,2024-05,2024,Orbital Composites Ltd,Tier-1,USA
DEF-000260,Wrong Material Cert,Minor,Bore,Use-As-Is,289.48,INS-000750,Receiving,2024-05-13,Fail,0.0284,3,RUN-00492,PR-5502-NOZZLE,Line-Charlie,2024-05-11,Swing,OP-007,2024-05,2024,Orbital Composites Ltd,Tier-1,USA
DEF-000261,Improper Torque,Minor,Seal Face,Use-As-Is,174.05,INS-000751,Receiving,2024-05-11,Fail,0.0506,1,RUN-00492,PR-5502-NOZZLE,Line-Charlie,2024-05-11,Swing,OP-007,2024-05,2024,Meridian Surface Treatments,Tier-3,Mexico
DEF-000249,Corrosion / Oxidation,Minor,Bore,Use-As-Is,193.59,INS-000723,Final,2024-05-10,Fail,0.0092,4,RUN-00472,GD-2201-SERVO,Line-Charlie,2024-05-09,Swing,OP-009,2024-05,2024,Internal,N/A,N/A
DEF-000002,Wrong Material Cert,Minor,Surface,MRB Hold,208.37,INS-000004,Final,2024-05-06,Fail,0.0859,5,RUN-00002,PR-5501-NOZZLE,Line-Bravo,2024-05-03,Night,OP-020,2024-05,2024,Internal,N/A,N/A
DEF-000001,Marking / Labeling Error,Major,Bore,Return to Supplier,2887.58,INS-000003,IQC,2024-05-04,Fail,0.0491,1,RUN-00002,PR-5501-NOZZLE,Line-Bravo,2024-05-03,Night,OP-020,2024-05,2024,Pacific Rim Castings,Tier-2,Japan
DEF-000228,Improper Torque,Minor,Surface,Use-As-Is,210.55,INS-000648,In-Process,2024-05-04,Fail,0.0071,6,RUN-00423,ST-8801-FASTENER,Line-Bravo,2024-05-01,Swing,OP-025,2024-05,2024,Internal,N/A,N/A
DEF-000061,Wrong Material Cert,Minor,Surface,Use-As-Is,422.17,INS-000177,Receiving,2024-05-02,Fail,0.0179,4,RUN-00111,PR-5501-NOZZLE,Line-Alpha,2024-05-02,Night,OP-001,2024-05,2024,Helios Fastener Systems,Tier-2,Germany
DEF-000062,Corrosion / Oxidation,Minor,Datum,MRB Hold,164.78,INS-000177,Receiving,2024-05-02,Fail,0.0179,4,RUN-00111,PR-5501-NOZZLE,Line-Alpha,2024-05-02,Night,OP-001,2024-05,2024,Helios Fastener Systems,Tier-2,Germany
DEF-000223,Improper Torque,Minor,Seal Face,MRB Hold,284.73,INS-000639,FAI,2024-05-02,Fail,0.1072,3,RUN-00415,AS-7741-FRAME,Line-Bravo,2024-04-29,Swing,OP-018,2024-04,2024,Internal,N/A,N/A
DEF-000157,Marking / Labeling Error,Minor,Seal Face,Scrap,222.73,INS-000445,Final,2024-04-21,Fail,0.0509,2,RUN-00286,AV-3302-PCB,Line-Alpha,2024-04-21,Night,OP-011,2024-04,2024,Internal,N/A,N/A
DEF-000180,Weld Defect,Minor,Bore,Scrap,311.0,INS-000515,FAI,2024-04-16,Fail,0.2508,2,RUN-00329,AS-7740-FRAME,Line-Delta,2024-04-14,Day,OP-025,2024-04,2024,Internal,N/A,N/A
DEF-000181,Contamination,Major,Weld Zone,Return to Supplier,1856.77,INS-000515,FAI,2024-04-16,Fail,0.2508,2,RUN-00329,AS-7740-FRAME,Line-Delta,2024-04-14,Day,OP-025,2024-04,2024,Internal,N/A,N/A
DEF-000182,Surface Finish Non-Conformance,Major,Bore,Return to Supplier,2917.38,INS-000515,FAI,2024-04-16,Fail,0.2508,2,RUN-00329,AS-7740-FRAME,Line-Delta,2024-04-14,Day,OP-025,2024-04,2024,Internal,N/A,N/A
DEF-000079,Marking / Labeling Error,Major,Datum,Return to Supplier,2771.33,INS-000228,Final,2024-04-15,Fail,0.0462,1,RUN-00144,ST-8801-FASTENER,Line-Alpha,2024-04-14,Night,OP-018,2024-04,2024,Internal,N/A,N/A
DEF-000053,Porosity / Void,Minor,Thread,Return to Supplier,404.3,INS-000150,IQC,2024-04-11,Fail,0.0645,4,RUN-00095,ST-8801-FASTENER,Line-Alpha,2024-04-09,Night,OP-024,2024-04,2024,Pacific Rim Castings,Tier-2,Japan
DEF-000158,Dimensional Out-of-Tolerance,Major,Edge Break,MRB Hold,691.33,INS-000451,IQC,2024-04-10,Fail,0.0275,3,RUN-00289,GD-2202-SERVO,Line-Alpha,2024-04-08,Day,OP-004,2024-04,2024,NovaTech Avionics Supply,Tier-1,USA
DEF-000207,Contamination,Major,Flange,Scrap,519.45,INS-000584,In-Process,2024-04-08,Fail,0.0112,4,RUN-00377,AV-3301-PCB,Line-Charlie,2024-04-07,Day,OP-015,2024-04,2024,Internal,N/A,N/A
DEF-000093,Missing Feature,Minor,Datum,Return to Supplier,209.34,INS-000265,Receiving,2024-04-06,Fail,0.0577,5,RUN-00169,GD-2201-SERVO,Line-Bravo,2024-04-03,Night,OP-021,2024-04,2024,Atlas Substrate Corp,Tier-3,India
DEF-000092,Dimensional Out-of-Tolerance,Minor,Edge Break,Return to Supplier,290.29,INS-000260,Receiving,2024-03-28,Fail,0.091,5,RUN-00166,GD-2201-SERVO,Line-Charlie,2024-03-28,Swing,OP-011,2024-03,2024,StratoMet Components,Tier-2,UK
DEF-000213,Contamination,Major,Edge Break,MRB Hold,1814.56,INS-000606,IQC,2024-03-23,Fail,0.0086,4,RUN-00393,GD-2202-SERVO,Line-Charlie,2024-03-23,Day,OP-021,2024-03,2024,Meridian Surface Treatments,Tier-3,Mexico
DEF-000069,Improper Torque,Minor,Thread,Return to Supplier,112.59,INS-000197,Final,2024-03-15,Fail,0.1153,3,RUN-00124,GD-2202-SERVO,Line-Charlie,2024-03-13,Swing,OP-020,2024-03,2024,Internal,N/A,N/A
DEF-000070,Wrong Material Cert,Minor,Thread,Scrap,460.14,INS-000197,Final,2024-03-15,Fail,0.1153,3,RUN-00124,GD-2202-SERVO,Line-Charlie,2024-03-13,Swing,OP-020,2024-03,2024,Internal,N/A,N/A
DEF-000023,Marking / Labeling Error,Minor,Flange,Scrap,330.86,INS-000054,Receiving,2024-03-09,Fail,0.0205,3,RUN-00036,AV-3301-PCB,Line-Charlie,2024-03-06,Night,OP-014,2024-03,2024,Atlas Substrate Corp,Tier-3,India
DEF-000149,Wrong Material Cert,Major,Datum,MRB Hold,4939.62,INS-000425,Receiving,2024-03-08,Fail,0.0078,5,RUN-00274,GD-2201-SERVO,Line-Charlie,2024-03-05,Night,OP-006,2024-03,2024,Meridian Surface Treatments,Tier-3,Mexico
DEF-000148,Porosity / Void,Minor,Flange,Rework,377.7,INS-000424,In-Process,2024-03-07,Fail,0.0641,3,RUN-00274,GD-2201-SERVO,Line-Charlie,2024-03-05,Night,OP-006,2024-03,2024,Internal,N/A,N/A
DEF-000204,Corrosion / Oxidation,Minor,Flange,MRB Hold,432.15,INS-000577,FAI,2024-03-07,Fail,0.0127,1,RUN-00374,AS-7741-FRAME,Line-Bravo,2024-03-04,Swing,OP-012,2024-03,2024,Internal,N/A,N/A
DEF-000258,Improper Torque,Minor,Bore,MRB Hold,480.48,INS-000744,Receiving,2024-03-07,Fail,0.0772,5,RUN-00487,AS-7740-FRAME,Line-Bravo,2024-03-07,Night,OP-006,2024-03,2024,Orbital Composites Ltd,Tier-1,USA
DEF-000127,Dimensional Out-of-Tolerance,Minor,Weld Zone,Rework,105.73,INS-000367,In-Process,2024-03-06,Fail,0.0448,2,RUN-00237,GD-2202-SERVO,Line-Alpha,2024-03-03,Night,OP-025,2024-03,2024,Internal,N/A,N/A
DEF-000171,Surface Finish Non-Conformance,Minor,Edge Break,Use-As-Is,400.28,INS-000483,Final,2024-03-04,Fail,0.0349,4,RUN-00307,GD-2201-SERVO,Line-Alpha,2024-03-01,Night,OP-006,2024-03,2024,Internal,N/A,N/A
DEF-000205,Weld Defect,Major,Edge Break,Scrap,4195.08,INS-000579,IQC,2024-03-04,Fail,0.0317,4,RUN-00374,AS-7741-FRAME,Line-Bravo,2024-03-04,Swing,OP-012,2024-03,2024,Quantum Seal Technologies,Tier-2,USA
DEF-000021,Corrosion / Oxidation,Major,Bore,Use-As-Is,3055.86,INS-000047,Final,2024-03-03,Fail,0.097,4,RUN-00031,AV-3302-PCB,Line-Charlie,2024-03-03,Night,OP-013,2024-03,2024,Internal,N/A,N/A
DEF-000100,Corrosion / Oxidation,Minor,Edge Break,Return to Supplier,285.74,INS-000284,Receiving,2024-02-29,Fail,0.0389,6,RUN-00182,PR-5501-NOZZLE,Line-Charlie,2024-02-27,Night,OP-004,2024-02,2024,Pacific Rim Castings,Tier-2,Japan
DEF-000264,Marking / Labeling Error,Major,Weld Zone,MRB Hold,4080.17,INS-000765,In-Process,2024-02-29,Fail,0.1043,3,RUN-00500,AS-7740-FRAME,Line-Charlie,2024-02-28,Night,OP-003,2024-02,2024,Internal,N/A,N/A
DEF-000137,Wrong Material Cert,Minor,Seal Face,Return to Supplier,486.5,INS-000412,In-Process,2024-02-26,Fail,0.0522,3,RUN-00265,AV-3301-PCB,Line-Charlie,2024-02-26,Night,OP-024,2024-02,2024,Internal,N/A,N/A
DEF-000138,Wrong Material Cert,Major,Bore,Return to Supplier,1860.47,INS-000412,In-Process,2024-02-26,Fail,0.0522,3,RUN-00265,AV-3301-PCB,Line-Charlie,2024-02-26,Night,OP-024,2024-02,2024,Internal,N/A,N/A
DEF-000074,Missing Feature,Critical,Flange,Scrap,40527.09,INS-000214,FAI,2024-02-23,Fail,0.0168,5,RUN-00134,AV-3301-PCB,Line-Bravo,2024-02-22,Swing,OP-023,2024-02,2024,Internal,N/A,N/A
DEF-000151,Porosity / Void,Minor,Surface,MRB Hold,178.79,INS-000429,IQC,2024-02-20,Fail,0.0534,6,RUN-00277,ST-8801-FASTENER,Line-Bravo,2024-02-17,Swing,OP-020,2024-02,2024,Atlas Substrate Corp,Tier-3,India
DEF-000152,Weld Defect,Minor,Flange,MRB Hold,158.73,INS-000430,FAI,2024-02-20,Fail,0.0297,1,RUN-00277,ST-8801-FASTENER,Line-Bravo,2024-02-17,Swing,OP-020,2024-02,2024,Internal,N/A,N/A
DEF-000153,Missing Feature,Minor,Flange,Return to Supplier,454.52,INS-000431,IQC,2024-02-18,Fail,0.1003,2,RUN-00277,ST-8801-FASTENER,Line-Bravo,2024-02-17,Swing,OP-020,2024-02,2024,Pacific Rim Castings,Tier-2,Japan
DEF-000154,Porosity / Void,Minor,Weld Zone,Rework,345.28,INS-000431,IQC,2024-02-18,Fail,0.1003,2,RUN-00277,ST-8801-FASTENER,Line-Bravo,2024-02-17,Swing,OP-020,2024-02,2024,Pacific Rim Castings,Tier-2,Japan
DEF-000208,Wrong Material Cert,Critical,Datum,Rework,26272.45,INS-000590,In-Process,2024-02-11,Fail,0.0068,1,RUN-00382,ST-8801-FASTENER,Line-Alpha,2024-02-11,Swing,OP-020,2024-02,2024,Internal,N/A,N/A
DEF-000169,Improper Torque,Critical,Bore,Use-As-Is,24851.53,INS-000478,IQC,2024-02-08,Fail,0.097,3,RUN-00304,ST-8802-FASTENER,Line-Bravo,2024-02-08,Night,OP-019,2024-02,2024,Quantum Seal Technologies,Tier-2,USA
DEF-000170,Wrong Material Cert,Minor,Bore,MRB Hold,343.82,INS-000478,IQC,2024-02-08,Fail,0.097,3,RUN-00304,ST-8802-FASTENER,Line-Bravo,2024-02-08,Night,OP-019,2024-02,2024,Quantum Seal Technologies,Tier-2,USA
DEF-000113,Contamination,Minor,Edge Break,MRB Hold,240.91,INS-000327,FAI,2024-02-06,Fail,0.0964,2,RUN-00213,AS-7740-FRAME,Line-Charlie,2024-02-04,Night,OP-004,2024-02,2024,Internal,N/A,N/A
DEF-000114,Contamination,Minor,Surface,MRB Hold,293.4,INS-000328,FAI,2024-02-04,Fail,0.0379,1,RUN-00213,AS-7740-FRAME,Line-Charlie,2024-02-04,Night,OP-004,2024-02,2024,Internal,N/A,N/A
DEF-000065,Improper Torque,Minor,Datum,Use-As-Is,435.66,INS-000181,Receiving,2024-02-02,Fail,0.0241,4,RUN-00114,ST-8801-FASTENER,Line-Bravo,2024-01-30,Swing,OP-024,2024-01,2024,StratoMet Components,Tier-2,UK
DEF-000188,Weld Defect,Minor,Edge Break,Return to Supplier,433.12,INS-000550,FAI,2024-01-28,Fail,0.0192,5,RUN-00355,GD-2201-SERVO,Line-Bravo,2024-01-25,Night,OP-011,2024-01,2024,Internal,N/A,N/A
DEF-000189,Porosity / Void,Major,Surface,MRB Hold,1369.84,INS-000550,FAI,2024-01-28,Fail,0.0192,5,RUN-00355,GD-2201-SERVO,Line-Bravo,2024-01-25,Night,OP-011,2024-01,2024,Internal,N/A,N/A
DEF-000187,Porosity / Void,Minor,Edge Break,MRB Hold,370.73,INS-000548,IQC,2024-01-26,Fail,0.0402,1,RUN-00353,ST-8801-FASTENER,Line-Charlie,2024-01-25,Night,OP-003,2024-01,2024,StratoMet Components,Tier-2,UK
DEF-000091,Dimensional Out-of-Tolerance,Minor,Thread,MRB Hold,412.4,INS-000255,FAI,2024-01-23,Fail,0.051,4,RUN-00162,AS-7740-FRAME,Line-Delta,2024-01-20,Swing,OP-015,2024-01,2024,Internal,N/A,N/A
DEF-000190,Marking / Labeling Error,Minor,Bore,Return to Supplier,217.56,INS-000552,In-Process,2024-01-20,Fail,0.0,5,RUN-00356,AV-3301-PCB,Line-Bravo,2024-01-20,Night,OP-014,2024-01,2024,Internal,N/A,N/A
DEF-000191,Wrong Material Cert,Minor,Bore,Scrap,316.44,INS-000552,In-Process,2024-01-20,Fail,0.0,5,RUN-00356,AV-3301-PCB,Line-Bravo,2024-01-20,Night,OP-014,2024-01,2024,Internal,N/A,N/A
DEF-000219,Surface Finish Non-Conformance,Major,Edge Break,Rework,3786.67,INS-000628,IQC,2024-01-20,Fail,0.0046,5,RUN-00408,GD-2202-SERVO,Line-Delta,2024-01-19,Swing,OP-001,2024-01,2024,Orbital Composites Ltd,Tier-1,USA
DEF-000257,Improper Torque,Minor,Datum,Use-As-Is,264.91,INS-000741,In-Process,2024-01-18,Fail,0.0368,4,RUN-00484,ST-8801-FASTENER,Line-Alpha,2024-01-17,Night,OP-002,2024-01,2024,Internal,N/A,N/A
DEF-000043,Wrong Material Cert,Minor,Weld Zone,MRB Hold,306.24,INS-000122,In-Process,2024-01-14,Fail,0.0701,5,RUN-00078,GD-2202-SERVO,Line-Bravo,2024-01-11,Night,OP-010,2024-01,2024,Internal,N/A,N/A
DEF-000160,Dimensional Out-of-Tolerance,Major,Weld Zone,Rework,1818.73,INS-000462,IQC,2024-01-12,Fail,0.0529,4,RUN-00295,GD-2202-SERVO,Line-Alpha,2024-01-09,Swing,OP-017,2024-01,2024,Atlas Substrate Corp,Tier-3,India
DEF-000233,Wrong Material Cert,Minor,Datum,Rework,182.47,INS-000659,IQC,2024-01-12,Fail,0.001,1,RUN-00432,ST-8802-FASTENER,Line-Delta,2024-01-10,Day,OP-016,2024-01,2024,NovaTech Avionics Supply,Tier-1,USA
DEF-000039,Porosity / Void,Minor,Bore,Use-As-Is,156.28,INS-000111,IQC,2024-01-10,Fail,0.1131,4,RUN-00071,AS-7741-FRAME,Line-Bravo,2024-01-08,Swing,OP-024,2024-01,2024,Quantum Seal Technologies,Tier-2,USA
DEF-000040,Marking / Labeling Error,Minor,Thread,Scrap,80.31,INS-000111,IQC,2024-01-10,Fail,0.1131,4,RUN-00071,AS-7741-FRAME,Line-Bravo,2024-01-08,Swing,OP-024,2024-01,2024,Quantum Seal Technologies,Tier-2,USA
DEF-000242,Surface Finish Non-Conformance,Major,Datum,MRB Hold,4075.29,INS-000697,Final,2024-01-10,Fail,0.0192,1,RUN-00457,AV-3301-PCB,Line-Charlie,2024-01-07,Night,OP-005,2024-01,2024,Internal,N/A,N/A
DEF-000183,Corrosion / Oxidation,Minor,Weld Zone,MRB Hold,245.57,INS-000516,Receiving,2023-12-29,Fail,0.1344,6,RUN-00330,AV-3301-PCB,Line-Charlie,2023-12-27,Night,OP-003,2023-12,2023,Pacific Rim Castings,Tier-2,Japan
DEF-000254,Dimensional Out-of-Tolerance,Minor,Datum,Scrap,458.33,INS-000740,FAI,2023-12-28,Fail,0.0994,1,RUN-00483,ST-8801-FASTENER,Line-Alpha,2023-12-25,Day,OP-018,2023-12,2023,Internal,N/A,N/A
DEF-000255,Missing Feature,Minor,Thread,Rework,273.83,INS-000740,FAI,2023-12-28,Fail,0.0994,1,RUN-00483,ST-8801-FASTENER,Line-Alpha,2023-12-25,Day,OP-018,2023-12,2023,Internal,N/A,N/A
DEF-000256,Corrosion / Oxidation,Minor,Seal Face,Rework,132.82,INS-000740,FAI,2023-12-28,Fail,0.0994,1,RUN-00483,ST-8801-FASTENER,Line-Alpha,2023-12-25,Day,OP-018,2023-12,2023,Internal,N/A,N/A
DEF-000133,Contamination,Minor,Seal Face,Rework,374.68,INS-000390,In-Process,2023-12-26,Fail,0.1518,6,RUN-00252,GD-2201-SERVO,Line-Charlie,2023-12-24,Swing,OP-003,2023-12,2023,Internal,N/A,N/A
DEF-000112,Porosity / Void,Minor,Seal Face,Rework,210.74,INS-000323,IQC,2023-12-18,Fail,0.0389,4,RUN-00209,ST-8802-FASTENER,Line-Charlie,2023-12-16,Day,OP-015,2023-12,2023,Delta Forge Industries,Tier-2,USA
DEF-000235,Improper Torque,Minor,Flange,Scrap,311.24,INS-000668,Receiving,2023-12-14,Fail,0.0367,6,RUN-00437,GD-2202-SERVO,Line-Bravo,2023-12-13,Night,OP-016,2023-12,2023,Pacific Rim Castings,Tier-2,Japan
DEF-000236,Dimensional Out-of-Tolerance,Minor,Thread,Scrap,465.21,INS-000668,Receiving,2023-12-14,Fail,0.0367,6,RUN-00437,GD-2202-SERVO,Line-Bravo,2023-12-13,Night,OP-016,2023-12,2023,Pacific Rim Castings,Tier-2,Japan
DEF-000178,Marking / Labeling Error,Minor,Bore,Scrap,447.72,INS-000508,Final,2023-12-12,Fail,0.0239,4,RUN-00325,ST-8801-FASTENER,Line-Delta,2023-12-09,Swing,OP-013,2023-12,2023,Internal,N/A,N/A
DEF-000087,Porosity / Void,Major,Flange,Rework,1930.8,INS-000238,IQC,2023-12-07,Fail,0.0137,6,RUN-00152,GD-2202-SERVO,Line-Bravo,2023-12-04,Night,OP-008,2023-12,2023,Apex Precision Machining,Tier-1,USA
DEF-000022,Marking / Labeling Error,Major,Datum,MRB Hold,4701.34,INS-000050,FAI,2023-12-06,Fail,0.0092,1,RUN-00033,AS-7741-FRAME,Line-Charlie,2023-12-03,Swing,OP-020,2023-12,2023,Internal,N/A,N/A
DEF-000109,Marking / Labeling Error,Minor,Thread,Return to Supplier,404.49,INS-000320,Final,2023-12-06,Fail,0.1059,2,RUN-00207,GD-2201-SERVO,Line-Delta,2023-12-03,Night,OP-024,2023-12,2023,Internal,N/A,N/A
DEF-000110,Porosity / Void,Minor,Bore,Return to Supplier,144.0,INS-000320,Final,2023-12-06,Fail,0.1059,2,RUN-00207,GD-2201-SERVO,Line-Delta,2023-12-03,Night,OP-024,2023-12,2023,Internal,N/A,N/A
DEF-000055,Missing Feature,Minor,Flange,Scrap,152.31,INS-000158,FAI,2023-11-29,Fail,0.051,4,RUN-00100,PR-5501-NOZZLE,Line-Charlie,2023-11-27,Night,OP-024,2023-11,2023,Internal,N/A,N/A
DEF-000056,Improper Torque,Minor,Edge Break,Use-As-Is,434.1,INS-000158,FAI,2023-11-29,Fail,0.051,4,RUN-00100,PR-5501-NOZZLE,Line-Charlie,2023-11-27,Night,OP-024,2023-11,2023,Internal,N/A,N/A
DEF-000211,Weld Defect,Minor,Flange,Use-As-Is,426.98,INS-000597,Final,2023-11-29,Fail,0.0084,3,RUN-00388,PR-5501-NOZZLE,Line-Charlie,2023-11-27,Night,OP-021,2023-11,2023,Internal,N/A,N/A
DEF-000004,Marking / Labeling Error,Minor,Weld Zone,Rework,382.43,INS-000015,In-Process,2023-11-28,Fail,0.1386,2,RUN-00010,ST-8802-FASTENER,Line-Charlie,2023-11-27,Swing,OP-013,2023-11,2023,Internal,N/A,N/A
DEF-000005,Porosity / Void,Minor,Surface,MRB Hold,365.69,INS-000015,In-Process,2023-11-28,Fail,0.1386,2,RUN-00010,ST-8802-FASTENER,Line-Charlie,2023-11-27,Swing,OP-013,2023-11,2023,Internal,N/A,N/A
DEF-000167,Dimensional Out-of-Tolerance,Minor,Edge Break,Return to Supplier,90.13,INS-000475,In-Process,2023-11-28,Fail,0.1163,3,RUN-00302,PR-5501-NOZZLE,Line-Charlie,2023-11-28,Day,OP-020,2023-11,2023,Internal,N/A,N/A
DEF-000168,Dimensional Out-of-Tolerance,Minor,Flange,Return to Supplier,95.57,INS-000475,In-Process,2023-11-28,Fail,0.1163,3,RUN-00302,PR-5501-NOZZLE,Line-Charlie,2023-11-28,Day,OP-020,2023-11,2023,Internal,N/A,N/A
DEF-000025,Corrosion / Oxidation,Minor,Seal Face,Scrap,350.05,INS-000070,IQC,2023-11-26,Fail,0.0596,3,RUN-00046,ST-8802-FASTENER,Line-Delta,2023-11-25,Swing,OP-002,2023-11,2023,Orbital Composites Ltd,Tier-1,USA
DEF-000026,Dimensional Out-of-Tolerance,Minor,Surface,MRB Hold,306.45,INS-000070,IQC,2023-11-26,Fail,0.0596,3,RUN-00046,ST-8802-FASTENER,Line-Delta,2023-11-25,Swing,OP-002,2023-11,2023,Orbital Composites Ltd,Tier-1,USA
DEF-000027,Corrosion / Oxidation,Major,Thread,Rework,4623.11,INS-000070,IQC,2023-11-26,Fail,0.0596,3,RUN-00046,ST-8802-FASTENER,Line-Delta,2023-11-25,Swing,OP-002,2023-11,2023,Orbital Composites Ltd,Tier-1,USA
DEF-000007,Surface Finish Non-Conformance,Minor,Weld Zone,Return to Supplier,428.76,INS-000022,FAI,2023-11-25,Fail,0.0259,3,RUN-00014,AS-7740-FRAME,Line-Alpha,2023-11-23,Night,OP-015,2023-11,2023,Internal,N/A,N/A
DEF-000006,Contamination,Minor,Bore,Return to Supplier,149.26,INS-000021,IQC,2023-11-24,Fail,0.0357,1,RUN-00014,AS-7740-FRAME,Line-Alpha,2023-11-23,Night,OP-015,2023-11,2023,Pacific Rim Castings,Tier-2,Japan
DEF-000248,Wrong Material Cert,Major,Seal Face,Rework,3210.54,INS-000721,In-Process,2023-11-22,Fail,0.0309,6,RUN-00471,ST-8802-FASTENER,Line-Bravo,2023-11-19,Night,OP-023,2023-11,2023,Internal,N/A,N/A
DEF-000122,Porosity / Void,Minor,Seal Face,Use-As-Is,207.33,INS-000351,Receiving,2023-11-21,Fail,0.1041,3,RUN-00227,ST-8801-FASTENER,Line-Bravo,2023-11-21,Day,OP-022,2023-11,2023,StratoMet Components,Tier-2,UK
DEF-000206,Improper Torque,Minor,Edge Break,Return to Supplier,186.59,INS-000580,IQC,2023-11-20,Fail,0.0225,5,RUN-00375,ST-8802-FASTENER,Line-Bravo,2023-11-18,Day,OP-024,2023-11,2023,StratoMet Components,Tier-2,UK
DEF-000009,Corrosion / Oxidation,Minor,Weld Zone,Return to Supplier,164.33,INS-000027,IQC,2023-11-19,Fail,0.0097,4,RUN-00018,ST-8801-FASTENER,Line-Alpha,2023-11-17,Night,OP-020,2023-11,2023,Helios Fastener Systems,Tier-2,Germany
DEF-000010,Porosity / Void,Minor,Weld Zone,MRB Hold,441.17,INS-000028,In-Process,2023-11-17,Fail,0.0422,3,RUN-00018,ST-8801-FASTENER,Line-Alpha,2023-11-17,Night,OP-020,2023-11,2023,Internal,N/A,N/A
DEF-000011,Marking / Labeling Error,Minor,Thread,MRB Hold,328.1,INS-000028,In-Process,2023-11-17,Fail,0.0422,3,RUN-00018,ST-8801-FASTENER,Line-Alpha,2023-11-17,Night,OP-020,2023-11,2023,Internal,N/A,N/A
DEF-000246,Contamination,Minor,Thread,Scrap,198.2,INS-000717,FAI,2023-11-17,Fail,0.0038,1,RUN-00469,AS-7740-FRAME,Line-Delta,2023-11-15,Night,OP-006,2023-11,2023,Internal,N/A,N/A
DEF-000245,Weld Defect,Minor,Thread,Rework,54.23,INS-000715,In-Process,2023-11-16,Fail,0.0266,2,RUN-00469,AS-7740-FRAME,Line-Delta,2023-11-15,Night,OP-006,2023-11,2023,Internal,N/A,N/A
DEF-000159,Contamination,Major,Datum,Return to Supplier,3445.33,INS-000456,FAI,2023-11-11,Fail,0.0635,6,RUN-00292,PR-5502-NOZZLE,Line-Bravo,2023-11-11,Night,OP-018,2023-11,2023,Internal,N/A,N/A
DEF-000185,Porosity / Void,Major,Datum,Return to Supplier,2739.31,INS-000538,Final,2023-11-11,Fail,0.0347,1,RUN-00344,GD-2202-SERVO,Line-Alpha,2023-11-08,Night,OP-002,2023-11,2023,Internal,N/A,N/A
DEF-000220,Marking / Labeling Error,Minor,Surface,MRB Hold,331.09,INS-000633,Receiving,2023-11-11,Fail,0.0016,5,RUN-00411,AS-7741-FRAME,Line-Charlie,2023-11-11,Night,OP-006,2023-11,2023,Meridian Surface Treatments,Tier-3,Mexico
DEF-000075,Wrong Material Cert,Minor,Datum,Use-As-Is,412.54,INS-000218,FAI,2023-11-07,Fail,0.0751,4,RUN-00137,AS-7740-FRAME,Line-Delta,2023-11-05,Swing,OP-002,2023-11,2023,Internal,N/A,N/A
DEF-000076,Corrosion / Oxidation,Minor,Weld Zone,Use-As-Is,181.28,INS-000218,FAI,2023-11-07,Fail,0.0751,4,RUN-00137,AS-7740-FRAME,Line-Delta,2023-11-05,Swing,OP-002,2023-11,2023,Internal,N/A,N/A
DEF-000201,Wrong Material Cert,Minor,Bore,MRB Hold,362.6,INS-000575,FAI,2023-11-05,Fail,0.0996,3,RUN-00373,GD-2201-SERVO,Line-Charlie,2023-11-02,Day,OP-001,2023-11,2023,Internal,N/A,N/A
DEF-000202,Improper Torque,Minor,Surface,Scrap,428.49,INS-000575,FAI,2023-11-05,Fail,0.0996,3,RUN-00373,GD-2201-SERVO,Line-Charlie,2023-11-02,Day,OP-001,2023-11,2023,Internal,N/A,N/A
DEF-000203,Corrosion / Oxidation,Minor,Thread,Scrap,291.65,INS-000576,Final,2023-11-04,Fail,0.0061,2,RUN-00373,GD-2201-SERVO,Line-Charlie,2023-11-02,Day,OP-001,2023-11,2023,Internal,N/A,N/A
DEF-000057,Improper Torque,Major,Datum,Rework,3244.5,INS-000164,Receiving,2023-10-31,Fail,0.0124,5,RUN-00104,AV-3301-PCB,Line-Charlie,2023-10-31,Night,OP-017,2023-10,2023,NovaTech Avionics Supply,Tier-1,USA
DEF-000046,Improper Torque,Minor,Surface,Return to Supplier,154.97,INS-000139,FAI,2023-10-30,Fail,0.0642,2,RUN-00088,ST-8801-FASTENER,Line-Alpha,2023-10-30,Swing,OP-011,2023-10,2023,Internal,N/A,N/A
DEF-000047,Contamination,Minor,Bore,Return to Supplier,178.41,INS-000141,FAI,2023-10-30,Fail,0.0556,3,RUN-00088,ST-8801-FASTENER,Line-Alpha,2023-10-30,Swing,OP-011,2023-10,2023,Internal,N/A,N/A
DEF-000048,Wrong Material Cert,Critical,Seal Face,MRB Hold,22366.08,INS-000141,FAI,2023-10-30,Fail,0.0556,3,RUN-00088,ST-8801-FASTENER,Line-Alpha,2023-10-30,Swing,OP-011,2023-10,2023,Internal,N/A,N/A
DEF-000050,Porosity / Void,Minor,Bore,Scrap,319.99,INS-000146,Final,2023-10-28,Fail,0.0706,3,RUN-00093,PR-5501-NOZZLE,Line-Charlie,2023-10-25,Night,OP-004,2023-10,2023,Internal,N/A,N/A
DEF-000051,Wrong Material Cert,Major,Datum,Use-As-Is,2259.7,INS-000147,Receiving,2023-10-25,Fail,0.0526,4,RUN-00093,PR-5501-NOZZLE,Line-Charlie,2023-10-25,Night,OP-004,2023-10,2023,Helios Fastener Systems,Tier-2,Germany
DEF-000052,Dimensional Out-of-Tolerance,Minor,Weld Zone,Return to Supplier,335.72,INS-000148,Final,2023-10-25,Fail,0.2903,6,RUN-00093,PR-5501-NOZZLE,Line-Charlie,2023-10-25,Night,OP-004,2023-10,2023,Internal,N/A,N/A
DEF-000161,Marking / Labeling Error,Minor,Thread,Rework,230.47,INS-000467,Receiving,2023-10-24,Fail,0.0239,4,RUN-00298,AS-7741-FRAME,Line-Delta,2023-10-21,Day,OP-006,2023-10,2023,Quantum Seal Technologies,Tier-2,USA
DEF-000162,Contamination,Minor,Seal Face,MRB Hold,454.47,INS-000468,IQC,2023-10-21,Fail,0.0757,2,RUN-00298,AS-7741-FRAME,Line-Delta,2023-10-21,Day,OP-006,2023-10,2023,NovaTech Avionics Supply,Tier-1,USA
DEF-000144,Improper Torque,Major,Flange,Scrap,815.98,INS-000422,Receiving,2023-10-19,Fail,0.015,2,RUN-00272,AV-3302-PCB,Line-Bravo,2023-10-19,Day,OP-018,2023-10,2023,Meridian Surface Treatments,Tier-3,Mexico
DEF-000145,Weld Defect,Major,Datum,Return to Supplier,1366.87,INS-000422,Receiving,2023-10-19,Fail,0.015,2,RUN-00272,AV-3302-PCB,Line-Bravo,2023-10-19,Day,OP-018,2023-10,2023,Meridian Surface Treatments,Tier-3,Mexico
DEF-000146,Contamination,Minor,Datum,MRB Hold,246.94,INS-000422,Receiving,2023-10-19,Fail,0.015,2,RUN-00272,AV-3302-PCB,Line-Bravo,2023-10-19,Day,OP-018,2023-10,2023,Meridian Surface Treatments,Tier-3,Mexico
DEF-000263,Corrosion / Oxidation,Minor,Bore,Return to Supplier,341.97,INS-000761,Receiving,2023-10-17,Fail,0.0326,4,RUN-00498,AV-3301-PCB,Line-Bravo,2023-10-17,Swing,OP-025,2023-10,2023,StratoMet Components,Tier-2,UK
DEF-000121,Wrong Material Cert,Minor,Bore,Scrap,455.47,INS-000349,FAI,2023-10-10,Fail,0.0067,3,RUN-00225,PR-5501-NOZZLE,Line-Bravo,2023-10-07,Night,OP-018,2023-10,2023,Internal,N/A,N/A
DEF-000095,Wrong Material Cert,Minor,Surface,Rework,264.11,INS-000270,FAI,2023-10-09,Fail,0.1551,5,RUN-00171,GD-2202-SERVO,Line-Bravo,2023-10-06,Day,OP-004,2023-10,2023,Internal,N/A,N/A
DEF-000058,Porosity / Void,Critical,Flange,Scrap,24950.64,INS-000170,IQC,2023-10-06,Fail,0.0853,5,RUN-00108,AV-3302-PCB,Line-Bravo,2023-10-05,Night,OP-020,2023-10,2023,Atlas Substrate Corp,Tier-3,India
DEF-000119,Surface Finish Non-Conformance,Major,Seal Face,Scrap,1761.39,INS-000346,In-Process,2023-10-06,Fail,0.2091,4,RUN-00223,ST-8801-FASTENER,Line-Charlie,2023-10-05,Night,OP-007,2023-10,2023,Internal,N/A,N/A
DEF-000089,Improper Torque,Minor,Datum,Use-As-Is,405.35,INS-000251,Final,2023-10-04,Fail,0.022,1,RUN-00159,PR-5502-NOZZLE,Line-Alpha,2023-10-03,Swing,OP-023,2023-10,2023,Internal,N/A,N/A
DEF-000090,Corrosion / Oxidation,Minor,Bore,Return to Supplier,275.9,INS-000251,Final,2023-10-04,Fail,0.022,1,RUN-00159,PR-5502-NOZZLE,Line-Alpha,2023-10-03,Swing,OP-023,2023-10,2023,Internal,N/A,N/A
DEF-000033,Missing Feature,Minor,Surface,Scrap,194.94,INS-000082,Receiving,2023-10-03,Fail,0.0599,4,RUN-00055,ST-8802-FASTENER,Line-Charlie,2023-10-02,Swing,OP-011,2023-10,2023,Pacific Rim Castings,Tier-2,Japan
DEF-000150,Marking / Labeling Error,Minor,Datum,Return to Supplier,399.08,INS-000428,IQC,2023-10-02,Fail,0.0103,6,RUN-00276,AV-3301-PCB,Line-Alpha,2023-09-29,Night,OP-016,2023-09,2023,Helios Fastener Systems,Tier-2,Germany
DEF-000084,Marking / Labeling Error,Critical,Weld Zone,Scrap,19573.41,INS-000235,Receiving,2023-09-20,Fail,0.0112,3,RUN-00150,PR-5502-NOZZLE,Line-Charlie,2023-09-19,Night,OP-015,2023-09,2023,Atlas Substrate Corp,Tier-3,India
DEF-000028,Corrosion / Oxidation,Major,Surface,Return to Supplier,984.95,INS-000073,IQC,2023-09-11,Fail,0.0684,2,RUN-00049,AS-7741-FRAME,Line-Delta,2023-09-09,Day,OP-015,2023-09,2023,Orbital Composites Ltd,Tier-1,USA
DEF-000029,Wrong Material Cert,Minor,Flange,Use-As-Is,185.07,INS-000073,IQC,2023-09-11,Fail,0.0684,2,RUN-00049,AS-7741-FRAME,Line-Delta,2023-09-09,Day,OP-015,2023-09,2023,Orbital Composites Ltd,Tier-1,USA
DEF-000044,Improper Torque,Minor,Surface,Return to Supplier,281.61,INS-000129,Receiving,2023-09-07,Fail,0.0169,6,RUN-00081,AS-7740-FRAME,Line-Charlie,2023-09-04,Night,OP-020,2023-09,2023,Helios Fastener Systems,Tier-2,Germany
DEF-000045,Marking / Labeling Error,Minor,Flange,Rework,139.3,INS-000129,Receiving,2023-09-07,Fail,0.0169,6,RUN-00081,AS-7740-FRAME,Line-Charlie,2023-09-04,Night,OP-020,2023-09,2023,Helios Fastener Systems,Tier-2,Germany
DEF-000175,Weld Defect,Minor,Bore,Scrap,394.52,INS-000500,FAI,2023-09-07,Fail,0.1222,5,RUN-00320,ST-8801-FASTENER,Line-Delta,2023-09-06,Swing,OP-005,2023-09,2023,Internal,N/A,N/A
DEF-000176,Contamination,Minor,Surface,Use-As-Is,83.39,INS-000500,FAI,2023-09-07,Fail,0.1222,5,RUN-00320,ST-8801-FASTENER,Line-Delta,2023-09-06,Swing,OP-005,2023-09,2023,Internal,N/A,N/A
DEF-000140,Weld Defect,Minor,Seal Face,Rework,395.18,INS-000419,FAI,2023-09-03,Fail,0.1911,1,RUN-00270,AV-3301-PCB,Line-Delta,2023-09-01,Night,OP-020,2023-09,2023,Internal,N/A,N/A
DEF-000141,Corrosion / Oxidation,Minor,Datum,Scrap,400.55,INS-000419,FAI,2023-09-03,Fail,0.1911,1,RUN-00270,AV-3301-PCB,Line-Delta,2023-09-01,Night,OP-020,2023-09,2023,Internal,N/A,N/A
DEF-000142,Surface Finish Non-Conformance,Minor,Surface,Use-As-Is,399.13,INS-000419,FAI,2023-09-03,Fail,0.1911,1,RUN-00270,AV-3301-PCB,Line-Delta,2023-09-01,Night,OP-020,2023-09,2023,Internal,N/A,N/A
DEF-000115,Dimensional Out-of-Tolerance,Minor,Seal Face,MRB Hold,377.12,INS-000333,Final,2023-09-02,Fail,0.0488,1,RUN-00216,AS-7740-FRAME,Line-Bravo,2023-09-01,Night,OP-006,2023-09,2023,Internal,N/A,N/A
DEF-000135,Improper Torque,Major,Flange,Scrap,1139.21,INS-000405,IQC,2023-09-02,Fail,0.0246,2,RUN-00262,AS-7740-FRAME,Line-Charlie,2023-08-31,Day,OP-003,2023-08,2023,StratoMet Components,Tier-2,UK
DEF-000136,Contamination,Major,Seal Face,MRB Hold,4864.32,INS-000405,IQC,2023-09-02,Fail,0.0246,2,RUN-00262,AS-7740-FRAME,Line-Charlie,2023-08-31,Day,OP-003,2023-08,2023,StratoMet Components,Tier-2,UK
DEF-000094,Porosity / Void,Major,Edge Break,Rework,4369.8,INS-000268,Receiving,2023-08-28,Fail,0.0258,3,RUN-00170,GD-2202-SERVO,Line-Alpha,2023-08-25,Night,OP-013,2023-08,2023,Orbital Composites Ltd,Tier-1,USA
DEF-000231,Contamination,Critical,Datum,MRB Hold,29607.85,INS-000653,Receiving,2023-08-25,Fail,0.0069,3,RUN-00427,ST-8801-FASTENER,Line-Charlie,2023-08-23,Day,OP-002,2023-08,2023,Meridian Surface Treatments,Tier-3,Mexico
DEF-000030,Surface Finish Non-Conformance,Minor,Thread,Scrap,81.16,INS-000076,IQC,2023-08-23,Fail,0.0038,1,RUN-00051,ST-8801-FASTENER,Line-Bravo,2023-08-20,Day,OP-009,2023-08,2023,NovaTech Avionics Supply,Tier-1,USA
DEF-000031,Surface Finish Non-Conformance,Minor,Datum,Return to Supplier,248.34,INS-000076,IQC,2023-08-23,Fail,0.0038,1,RUN-00051,ST-8801-FASTENER,Line-Bravo,2023-08-20,Day,OP-009,2023-08,2023,NovaTech Avionics Supply,Tier-1,USA
DEF-000032,Marking / Labeling Error,Minor,Flange,Return to Supplier,397.22,INS-000076,IQC,2023-08-23,Fail,0.0038,1,RUN-00051,ST-8801-FASTENER,Line-Bravo,2023-08-20,Day,OP-009,2023-08,2023,NovaTech Avionics Supply,Tier-1,USA
DEF-000078,Marking / Labeling Error,Critical,Datum,Return to Supplier,46012.81,INS-000226,FAI,2023-08-23,Fail,0.0019,6,RUN-00143,GD-2202-SERVO,Line-Charlie,2023-08-20,Night,OP-015,2023-08,2023,Internal,N/A,N/A
DEF-000042,Weld Defect,Critical,Flange,Rework,24481.62,INS-000121,IQC,2023-08-22,Fail,0.0106,4,RUN-00077,PR-5501-NOZZLE,Line-Delta,2023-08-19,Day,OP-007,2023-08,2023,StratoMet Components,Tier-2,UK
DEF-000209,Marking / Labeling Error,Critical,Weld Zone,MRB Hold,34032.46,INS-000595,In-Process,2023-08-20,Fail,0.0604,4,RUN-00387,PR-5502-NOZZLE,Line-Alpha,2023-08-19,Day,OP-017,2023-08,2023,Internal,N/A,N/A
DEF-000210,Dimensional Out-of-Tolerance,Minor,Flange,Use-As-Is,117.16,INS-000595,In-Process,2023-08-20,Fail,0.0604,4,RUN-00387,PR-5502-NOZZLE,Line-Alpha,2023-08-19,Day,OP-017,2023-08,2023,Internal,N/A,N/A
DEF-000212,Marking / Labeling Error,Minor,Edge Break,Use-As-Is,278.64,INS-000601,Receiving,2023-08-18,Fail,0.039,2,RUN-00391,GD-2202-SERVO,Line-Delta,2023-08-17,Day,OP-005,2023-08,2023,Helios Fastener Systems,Tier-2,Germany
DEF-000192,Corrosion / Oxidation,Minor,Weld Zone,Return to Supplier,425.62,INS-000555,Receiving,2023-08-17,Fail,0.0202,1,RUN-00358,AV-3302-PCB,Line-Alpha,2023-08-16,Night,OP-013,2023-08,2023,Helios Fastener Systems,Tier-2,Germany
DEF-000193,Weld Defect,Major,Bore,Return to Supplier,3600.37,INS-000555,Receiving,2023-08-17,Fail,0.0202,1,RUN-00358,AV-3302-PCB,Line-Alpha,2023-08-16,Night,OP-013,2023-08,2023,Helios Fastener Systems,Tier-2,Germany
DEF-000019,Contamination,Minor,Datum,MRB Hold,175.56,INS-000044,Receiving,2023-08-15,Fail,0.1089,2,RUN-00028,AV-3302-PCB,Line-Charlie,2023-08-15,Swing,OP-008,2023-08,2023,Delta Forge Industries,Tier-2,USA
DEF-000020,Missing Feature,Minor,Datum,MRB Hold,276.97,INS-000044,Receiving,2023-08-15,Fail,0.1089,2,RUN-00028,AV-3302-PCB,Line-Charlie,2023-08-15,Swing,OP-008,2023-08,2023,Delta Forge Industries,Tier-2,USA
DEF-000227,Porosity / Void,Minor,Thread,Scrap,161.33,INS-000642,Final,2023-08-14,Fail,0.157,3,RUN-00418,AS-7740-FRAME,Line-Charlie,2023-08-11,Night,OP-007,2023-08,2023,Internal,N/A,N/A
DEF-000103,Surface Finish Non-Conformance,Minor,Bore,Rework,344.77,INS-000290,Receiving,2023-08-12,Fail,0.05,2,RUN-00185,AS-7741-FRAME,Line-Delta,2023-08-10,Night,OP-020,2023-08,2023,Quantum Seal Technologies,Tier-2,USA
DEF-000104,Weld Defect,Minor,Thread,Use-As-Is,177.51,INS-000291,Receiving,2023-08-12,Fail,0.0071,5,RUN-00185,AS-7741-FRAME,Line-Delta,2023-08-10,Night,OP-020,2023-08,2023,Helios Fastener Systems,Tier-2,Germany
DEF-000215,Contamination,Critical,Surface,Use-As-Is,47003.69,INS-000615,In-Process,2023-08-12,Fail,0.0232,3,RUN-00399,AV-3302-PCB,Line-Charlie,2023-08-12,Day,OP-017,2023-08,2023,Internal,N/A,N/A
DEF-000216,Improper Torque,Minor,Weld Zone,Return to Supplier,452.84,INS-000615,In-Process,2023-08-12,Fail,0.0232,3,RUN-00399,AV-3302-PCB,Line-Charlie,2023-08-12,Day,OP-017,2023-08,2023,Internal,N/A,N/A
DEF-000217,Porosity / Void,Minor,Datum,Rework,425.41,INS-000615,In-Process,2023-08-12,Fail,0.0232,3,RUN-00399,AV-3302-PCB,Line-Charlie,2023-08-12,Day,OP-017,2023-08,2023,Internal,N/A,N/A
DEF-000116,Dimensional Out-of-Tolerance,Minor,Thread,Rework,426.62,INS-000338,Receiving,2023-08-11,Fail,0.168,4,RUN-00220,AS-7741-FRAME,Line-Charlie,2023-08-10,Night,OP-010,2023-08,2023,Helios Fastener Systems,Tier-2,Germany
DEF-000224,Dimensional Out-of-Tolerance,Minor,Edge Break,MRB Hold,201.82,INS-000640,Final,2023-08-10,Fail,0.0194,4,RUN-00416,AV-3301-PCB,Line-Charlie,2023-08-07,Night,OP-022,2023-08,2023,Internal,N/A,N/A
DEF-000225,Weld Defect,Major,Edge Break,Scrap,2186.3,INS-000640,Final,2023-08-10,Fail,0.0194,4,RUN-00416,AV-3301-PCB,Line-Charlie,2023-08-07,Night,OP-022,2023-08,2023,Internal,N/A,N/A
DEF-000226,Dimensional Out-of-Tolerance,Major,Flange,Scrap,2597.76,INS-000640,Final,2023-08-10,Fail,0.0194,4,RUN-00416,AV-3301-PCB,Line-Charlie,2023-08-07,Night,OP-022,2023-08,2023,Internal,N/A,N/A
DEF-000125,Missing Feature,Minor,Flange,Scrap,168.24,INS-000366,FAI,2023-08-08,Fail,0.0097,6,RUN-00236,GD-2202-SERVO,Line-Bravo,2023-08-05,Night,OP-017,2023-08,2023,Internal,N/A,N/A
DEF-000126,Improper Torque,Minor,Datum,Rework,94.76,INS-000366,FAI,2023-08-08,Fail,0.0097,6,RUN-00236,GD-2202-SERVO,Line-Bravo,2023-08-05,Night,OP-017,2023-08,2023,Internal,N/A,N/A
DEF-000155,Missing Feature,Minor,Thread,Use-As-Is,433.59,INS-000438,FAI,2023-08-06,Fail,0.062,3,RUN-00282,AV-3301-PCB,Line-Charlie,2023-08-03,Night,OP-018,2023-08,2023,Internal,N/A,N/A
DEF-000123,Weld Defect,Critical,Bore,Return to Supplier,39966.19,INS-000353,Receiving,2023-08-05,Fail,0.019,3,RUN-00228,GD-2202-SERVO,Line-Alpha,2023-08-04,Day,OP-020,2023-08,2023,Quantum Seal Technologies,Tier-2,USA
DEF-000222,Corrosion / Oxidation,Minor,Thread,Rework,91.22,INS-000636,IQC,2023-08-03,Fail,0.0863,2,RUN-00413,GD-2202-SERVO,Line-Charlie,2023-08-02,Night,OP-011,2023-08,2023,NovaTech Avionics Supply,Tier-1,USA
DEF-000174,Dimensional Out-of-Tolerance,Minor,Bore,Use-As-Is,296.2,INS-000495,Receiving,2023-08-01,Fail,0.0833,2,RUN-00317,GD-2201-SERVO,Line-Bravo,2023-08-01,Day,OP-017,2023-08,2023,Delta Forge Industries,Tier-2,USA
DEF-000085,Contamination,Major,Edge Break,Use-As-Is,3459.05,INS-000236,Receiving,2023-07-31,Fail,0.0287,5,RUN-00151,AV-3301-PCB,Line-Alpha,2023-07-28,Swing,OP-005,2023-07,2023,NovaTech Avionics Supply,Tier-1,USA
DEF-000240,Surface Finish Non-Conformance,Minor,Surface,MRB Hold,272.75,INS-000687,IQC,2023-07-31,Fail,0.017,5,RUN-00450,AS-7740-FRAME,Line-Bravo,2023-07-29,Night,OP-022,2023-07,2023,NovaTech Avionics Supply,Tier-1,USA
DEF-000086,Marking / Labeling Error,Major,Bore,Return to Supplier,4051.84,INS-000237,Final,2023-07-30,Fail,0.001,5,RUN-00151,AV-3301-PCB,Line-Alpha,2023-07-28,Swing,OP-005,2023-07,2023,Internal,N/A,N/A
DEF-000139,Dimensional Out-of-Tolerance,Minor,Surface,Rework,424.92,INS-000417,IQC,2023-07-28,Fail,0.0998,4,RUN-00269,ST-8801-FASTENER,Line-Alpha,2023-07-28,Night,OP-016,2023-07,2023,Atlas Substrate Corp,Tier-3,India
DEF-000253,Dimensional Out-of-Tolerance,Major,Datum,MRB Hold,4715.49,INS-000739,FAI,2023-07-25,Fail,0.0115,4,RUN-00482,AS-7741-FRAME,Line-Alpha,2023-07-25,Night,OP-018,2023-07,2023,Internal,N/A,N/A
DEF-000237,Porosity / Void,Minor,Bore,MRB Hold,157.45,INS-000672,FAI,2023-07-23,Fail,0.0187,2,RUN-00441,GD-2202-SERVO,Line-Bravo,2023-07-20,Night,OP-007,2023-07,2023,Internal,N/A,N/A
DEF-000238,Marking / Labeling Error,Minor,Bore,Use-As-Is,274.72,INS-000672,FAI,2023-07-23,Fail,0.0187,2,RUN-00441,GD-2202-SERVO,Line-Bravo,2023-07-20,Night,OP-007,2023-07,2023,Internal,N/A,N/A
DEF-000195,Corrosion / Oxidation,Minor,Bore,Rework,478.86,INS-000564,Receiving,2023-07-22,Fail,0.1489,2,RUN-00365,GD-2201-SERVO,Line-Delta,2023-07-20,Night,OP-024,2023-07,2023,Pacific Rim Castings,Tier-2,Japan
DEF-000101,Wrong Material Cert,Minor,Flange,Scrap,81.25,INS-000285,FAI,2023-07-20,Fail,0.0171,2,RUN-00183,PR-5502-NOZZLE,Line-Delta,2023-07-19,Day,OP-004,2023-07,2023,Internal,N/A,N/A
DEF-000102,Weld Defect,Minor,Datum,Scrap,274.89,INS-000285,FAI,2023-07-20,Fail,0.0171,2,RUN-00183,PR-5502-NOZZLE,Line-Delta,2023-07-19,Day,OP-004,2023-07,2023,Internal,N/A,N/A
DEF-000179,Marking / Labeling Error,Minor,Seal Face,MRB Hold,458.99,INS-000513,Final,2023-07-19,Fail,0.0079,6,RUN-00328,AV-3302-PCB,Line-Bravo,2023-07-18,Day,OP-020,2023-07,2023,Internal,N/A,N/A
DEF-000214,Weld Defect,Minor,Thread,Rework,479.07,INS-000610,IQC,2023-07-19,Fail,0.0091,1,RUN-00395,ST-8802-FASTENER,Line-Charlie,2023-07-16,Night,OP-003,2023-07,2023,NovaTech Avionics Supply,Tier-1,USA
DEF-000218,Dimensional Out-of-Tolerance,Minor,Edge Break,Rework,482.35,INS-000624,Receiving,2023-07-16,Fail,0.0385,5,RUN-00404,GD-2202-SERVO,Line-Delta,2023-07-16,Swing,OP-020,2023-07,2023,Delta Forge Industries,Tier-2,USA
DEF-000251,Weld Defect,Minor,Edge Break,Return to Supplier,300.55,INS-000725,Final,2023-07-14,Fail,0.053,1,RUN-00474,PR-5502-NOZZLE,Line-Charlie,2023-07-11,Day,OP-025,2023-07,2023,Internal,N/A,N/A
DEF-000252,Weld Defect,Minor,Flange,Scrap,217.7,INS-000725,Final,2023-07-14,Fail,0.053,1,RUN-00474,PR-5502-NOZZLE,Line-Charlie,2023-07-11,Day,OP-025,2023-07,2023,Internal,N/A,N/A
DEF-000008,Surface Finish Non-Conformance,Minor,Seal Face,Scrap,359.82,INS-000023,Receiving,2023-06-08,Fail,0.1033,6,RUN-00015,ST-8801-FASTENER,Line-Alpha,2023-06-05,Night,OP-009,2023-06,2023,Helios Fastener Systems,Tier-2,Germany
DEF-000250,Contamination,Minor,Thread,MRB Hold,383.1,INS-000724,FAI,2023-06-04,Fail,0.0352,2,RUN-00473,ST-8802-FASTENER,Line-Delta,2023-06-01,Day,OP-017,2023-06,2023,Internal,N/A,N/A
DEF-000049,Improper Torque,Minor,Surface,Scrap,62.55,INS-000143,In-Process,2023-06-03,Fail,0.1053,4,RUN-00090,AS-7740-FRAME,Line-Bravo,2023-06-01,Night,OP-014,2023-06,2023,Internal,N/A,N/A
DEF-000041,Marking / Labeling Error,Major,Seal Face,Return to Supplier,3216.06,INS-000119,In-Process,2023-05-30,Fail,0.0775,1,RUN-00076,AV-3301-PCB,Line-Delta,2023-05-27,Day,OP-015,2023-05,2023,Internal,N/A,N/A
DEF-000196,Surface Finish Non-Conformance,Minor,Thread,Rework,336.05,INS-000568,In-Process,2023-05-28,Fail,0.0252,1,RUN-00368,PR-5501-NOZZLE,Line-Alpha,2023-05-25,Swing,OP-010,2023-05,2023,Internal,N/A,N/A
DEF-000108,Weld Defect,Major,Thread,Use-As-Is,4938.99,INS-000317,In-Process,2023-05-27,Fail,0.0158,2,RUN-00204,GD-2201-SERVO,Line-Bravo,2023-05-27,Swing,OP-020,2023-05,2023,Internal,N/A,N/A
DEF-000118,Corrosion / Oxidation,Minor,Seal Face,Return to Supplier,114.49,INS-000343,Receiving,2023-05-27,Fail,0.0241,6,RUN-00222,GD-2202-SERVO,Line-Delta,2023-05-27,Night,OP-018,2023-05,2023,Pacific Rim Castings,Tier-2,Japan
DEF-000197,Dimensional Out-of-Tolerance,Minor,Thread,Return to Supplier,272.94,INS-000569,Receiving,2023-05-27,Fail,0.0071,2,RUN-00368,PR-5501-NOZZLE,Line-Alpha,2023-05-25,Swing,OP-010,2023-05,2023,Apex Precision Machining,Tier-1,USA
DEF-000198,Marking / Labeling Error,Minor,Thread,Use-As-Is,83.21,INS-000569,Receiving,2023-05-27,Fail,0.0071,2,RUN-00368,PR-5501-NOZZLE,Line-Alpha,2023-05-25,Swing,OP-010,2023-05,2023,Apex Precision Machining,Tier-1,USA
DEF-000080,Weld Defect,Minor,Edge Break,Use-As-Is,447.06,INS-000229,Final,2023-05-26,Fail,0.0005,3,RUN-00145,GD-2202-SERVO,Line-Delta,2023-05-24,Night,OP-007,2023-05,2023,Internal,N/A,N/A
DEF-000081,Corrosion / Oxidation,Minor,Flange,Rework,319.48,INS-000229,Final,2023-05-26,Fail,0.0005,3,RUN-00145,GD-2202-SERVO,Line-Delta,2023-05-24,Night,OP-007,2023-05,2023,Internal,N/A,N/A
DEF-000096,Contamination,Critical,Edge Break,MRB Hold,5242.23,INS-000277,IQC,2023-05-26,Fail,0.1035,4,RUN-00177,PR-5501-NOZZLE,Line-Bravo,2023-05-23,Night,OP-016,2023-05,2023,Pacific Rim Castings,Tier-2,Japan
DEF-000143,Corrosion / Oxidation,Major,Surface,Use-As-Is,1268.84,INS-000421,Receiving,2023-05-24,Fail,0.0258,1,RUN-00271,GD-2201-SERVO,Line-Charlie,2023-05-21,Swing,OP-022,2023-05,2023,NovaTech Avionics Supply,Tier-1,USA
DEF-000017,Surface Finish Non-Conformance,Major,Weld Zone,Return to Supplier,2960.51,INS-000039,IQC,2023-05-22,Fail,0.0292,2,RUN-00024,GD-2201-SERVO,Line-Charlie,2023-05-21,Swing,OP-003,2023-05,2023,Pacific Rim Castings,Tier-2,Japan
DEF-000018,Surface Finish Non-Conformance,Minor,Datum,Scrap,76.42,INS-000039,IQC,2023-05-22,Fail,0.0292,2,RUN-00024,GD-2201-SERVO,Line-Charlie,2023-05-21,Swing,OP-003,2023-05,2023,Pacific Rim Castings,Tier-2,Japan
DEF-000124,Marking / Labeling Error,Minor,Seal Face,Rework,352.16,INS-000355,Final,2023-05-21,Fail,0.0514,3,RUN-00230,AV-3301-PCB,Line-Charlie,2023-05-20,Day,OP-020,2023-05,2023,Internal,N/A,N/A
DEF-000012,Marking / Labeling Error,Minor,Edge Break,Scrap,240.53,INS-000031,Final,2023-05-19,Fail,0.1602,3,RUN-00020,GD-2201-SERVO,Line-Bravo,2023-05-18,Swing,OP-020,2023-05,2023,Internal,N/A,N/A
DEF-000013,Improper Torque,Major,Datum,MRB Hold,1328.49,INS-000031,Final,2023-05-19,Fail,0.1602,3,RUN-00020,GD-2201-SERVO,Line-Bravo,2023-05-18,Swing,OP-020,2023-05,2023,Internal,N/A,N/A
DEF-000014,Dimensional Out-of-Tolerance,Major,Edge Break,Use-As-Is,3340.94,INS-000031,Final,2023-05-19,Fail,0.1602,3,RUN-00020,GD-2201-SERVO,Line-Bravo,2023-05-18,Swing,OP-020,2023-05,2023,Internal,N/A,N/A
DEF-000015,Marking / Labeling Error,Minor,Thread,Return to Supplier,123.9,INS-000032,IQC,2023-05-18,Fail,0.0232,2,RUN-00020,GD-2201-SERVO,Line-Bravo,2023-05-18,Swing,OP-020,2023-05,2023,Delta Forge Industries,Tier-2,USA
DEF-000016,Missing Feature,Minor,Bore,Use-As-Is,376.48,INS-000032,IQC,2023-05-18,Fail,0.0232,2,RUN-00020,GD-2201-SERVO,Line-Bravo,2023-05-18,Swing,OP-020,2023-05,2023,Delta Forge Industries,Tier-2,USA
DEF-000077,Missing Feature,Major,Surface,Use-As-Is,4884.18,INS-000222,IQC,2023-05-18,Fail,0.0088,4,RUN-00139,AV-3301-PCB,Line-Alpha,2023-05-16,Night,OP-009,2023-05,2023,Orbital Composites Ltd,Tier-1,USA
DEF-000234,Corrosion / Oxidation,Minor,Surface,Use-As-Is,306.54,INS-000662,FAI,2023-05-14,Fail,0.0077,1,RUN-00434,ST-8801-FASTENER,Line-Alpha,2023-05-11,Night,OP-002,2023-05,2023,Internal,N/A,N/A
DEF-000163,Porosity / Void,Minor,Surface,Scrap,136.96,INS-000469,Final,2023-05-12,Fail,0.0714,3,RUN-00299,AS-7740-FRAME,Line-Bravo,2023-05-09,Swing,OP-001,2023-05,2023,Internal,N/A,N/A
DEF-000164,Missing Feature,Minor,Edge Break,Scrap,296.31,INS-000469,Final,2023-05-12,Fail,0.0714,3,RUN-00299,AS-7740-FRAME,Line-Bravo,2023-05-09,Swing,OP-001,2023-05,2023,Internal,N/A,N/A
DEF-000165,Porosity / Void,Major,Flange,MRB Hold,3491.91,INS-000470,FAI,2023-05-09,Fail,0.053,2,RUN-00299,AS-7740-FRAME,Line-Bravo,2023-05-09,Swing,OP-001,2023-05,2023,Internal,N/A,N/A
DEF-000229,Surface Finish Non-Conformance,Minor,Bore,Return to Supplier,200.32,INS-000650,In-Process,2023-04-29,Fail,0.0263,6,RUN-00425,GD-2202-SERVO,Line-Charlie,2023-04-29,Day,OP-024,2023-04,2023,Internal,N/A,N/A
DEF-000147,Improper Torque,Minor,Seal Face,Use-As-Is,305.33,INS-000423,In-Process,2023-04-27,Fail,0.0231,3,RUN-00273,PR-5501-NOZZLE,Line-Alpha,2023-04-27,Swing,OP-025,2023-04,2023,Internal,N/A,N/A
DEF-000134,Wrong Material Cert,Critical,Weld Zone,Use-As-Is,25272.5,INS-000395,In-Process,2023-04-24,Fail,0.0393,5,RUN-00255,AV-3301-PCB,Line-Charlie,2023-04-24,Swing,OP-022,2023-04,2023,Internal,N/A,N/A
DEF-000262,Weld Defect,Minor,Datum,Rework,69.33,INS-000753,In-Process,2023-04-23,Fail,0.0399,6,RUN-00494,PR-5502-NOZZLE,Line-Charlie,2023-04-22,Day,OP-025,2023-04,2023,Internal,N/A,N/A
DEF-000120,Improper Torque,Minor,Bore,MRB Hold,478.47,INS-000347,Receiving,2023-04-22,Fail,0.0202,2,RUN-00224,PR-5501-NOZZLE,Line-Delta,2023-04-19,Day,OP-016,2023-04,2023,Atlas Substrate Corp,Tier-3,India
DEF-000037,Weld Defect,Major,Thread,Return to Supplier,3783.72,INS-000099,IQC,2023-04-14,Fail,0.1474,4,RUN-00066,AS-7741-FRAME,Line-Bravo,2023-04-14,Swing,OP-022,2023-04,2023,Orbital Composites Ltd,Tier-1,USA
DEF-000247,Surface Finish Non-Conformance,Minor,Edge Break,Return to Supplier,191.49,INS-000718,In-Process,2023-04-13,Fail,0.0368,5,RUN-00470,AV-3301-PCB,Line-Delta,2023-04-13,Night,OP-011,2023-04,2023,Internal,N/A,N/A
DEF-000088,Missing Feature,Minor,Flange,Rework,199.59,INS-000242,Receiving,2023-04-09,Fail,0.0152,3,RUN-00155,PR-5502-NOZZLE,Line-Charlie,2023-04-07,Swing,OP-018,2023-04,2023,Pacific Rim Castings,Tier-2,Japan
DEF-000172,Contamination,Major,Weld Zone,Scrap,943.15,INS-000493,Final,2023-04-09,Fail,0.0627,6,RUN-00315,AV-3302-PCB,Line-Charlie,2023-04-09,Night,OP-025,2023-04,2023,Internal,N/A,N/A
DEF-000173,Marking / Labeling Error,Minor,Seal Face,MRB Hold,130.56,INS-000493,Final,2023-04-09,Fail,0.0627,6,RUN-00315,AV-3302-PCB,Line-Charlie,2023-04-09,Night,OP-025,2023-04,2023,Internal,N/A,N/A
DEF-000186,Contamination,Minor,Edge Break,Scrap,469.33,INS-000541,Final,2023-04-09,Fail,0.0045,5,RUN-00347,ST-8801-FASTENER,Line-Delta,2023-04-08,Night,OP-016,2023-04,2023,Internal,N/A,N/A
DEF-000059,Surface Finish Non-Conformance,Minor,Flange,MRB Hold,330.31,INS-000175,Receiving,2023-04-08,Fail,0.1122,3,RUN-00110,AS-7740-FRAME,Line-Bravo,2023-04-08,Swing,OP-011,2023-04,2023,Orbital Composites Ltd,Tier-1,USA
DEF-000060,Weld Defect,Minor,Bore,Scrap,262.65,INS-000175,Receiving,2023-04-08,Fail,0.1122,3,RUN-00110,AS-7740-FRAME,Line-Bravo,2023-04-08,Swing,OP-011,2023-04,2023,Orbital Composites Ltd,Tier-1,USA
DEF-000230,Surface Finish Non-Conformance,Major,Datum,MRB Hold,2895.12,INS-000651,In-Process,2023-04-08,Fail,0.0111,1,RUN-00426,AS-7740-FRAME,Line-Charlie,2023-04-08,Swing,OP-009,2023-04,2023,Internal,N/A,N/A
DEF-000239,Corrosion / Oxidation,Minor,Thread,Rework,327.07,INS-000673,FAI,2023-04-05,Fail,0.0043,4,RUN-00442,AS-7741-FRAME,Line-Charlie,2023-04-05,Swing,OP-020,2023-04,2023,Internal,N/A,N/A
DEF-000066,Wrong Material Cert,Minor,Thread,Scrap,66.08,INS-000185,IQC,2023-04-01,Fail,0.0683,4,RUN-00117,AV-3301-PCB,Line-Delta,2023-04-01,Day,OP-025,2023-04,2023,Pacific Rim Castings,Tier-2,Japan
DEF-000067,Dimensional Out-of-Tolerance,Minor,Datum,Rework,68.4,INS-000185,IQC,2023-04-01,Fail,0.0683,4,RUN-00117,AV-3301-PCB,Line-Delta,2023-04-01,Day,OP-025,2023-04,2023,Pacific Rim Castings,Tier-2,Japan
DEF-000177,Dimensional Out-of-Tolerance,Minor,Datum,Rework,73.13,INS-000503,In-Process,2023-03-31,Fail,0.0096,1,RUN-00322,ST-8802-FASTENER,Line-Charlie,2023-03-30,Day,OP-022,2023-03,2023,Internal,N/A,N/A
DEF-000130,Wrong Material Cert,Major,Flange,Return to Supplier,992.26,INS-000381,FAI,2023-03-04,Fail,0.0263,2,RUN-00247,AS-7740-FRAME,Line-Bravo,2023-03-02,Day,OP-023,2023-03,2023,Internal,N/A,N/A
DEF-000003,Marking / Labeling Error,Minor,Seal Face,Use-As-Is,419.52,INS-000011,In-Process,2023-02-28,Fail,0.0312,6,RUN-00006,GD-2202-SERVO,Line-Bravo,2023-02-27,Night,OP-019,2023-02,2023,Internal,N/A,N/A
DEF-000232,Wrong Material Cert,Minor,Weld Zone,MRB Hold,62.93,INS-000654,FAI,2023-02-27,Fail,0.0162,6,RUN-00428,AV-3302-PCB,Line-Alpha,2023-02-25,Night,OP-023,2023-02,2023,Internal,N/A,N/A
DEF-000024,Missing Feature,Major,Thread,Return to Supplier,2864.44,INS-000057,Receiving,2023-02-23,Fail,0.1746,2,RUN-00038,ST-8802-FASTENER,Line-Delta,2023-02-21,Day,OP-017,2023-02,2023,NovaTech Avionics Supply,Tier-1,USA
DEF-000071,Corrosion / Oxidation,Minor,Weld Zone,Use-As-Is,478.62,INS-000207,FAI,2023-02-23,Fail,0.0412,1,RUN-00131,GD-2201-SERVO,Line-Delta,2023-02-23,Day,OP-009,2023-02,2023,Internal,N/A,N/A
DEF-000107,Missing Feature,Minor,Surface,MRB Hold,364.61,INS-000299,IQC,2023-02-17,Fail,0.0528,4,RUN-00191,GD-2201-SERVO,Line-Charlie,2023-02-17,Night,OP-024,2023-02,2023,Meridian Surface Treatments,Tier-3,Mexico
DEF-000063,Surface Finish Non-Conformance,Minor,Flange,Scrap,104.34,INS-000178,FAI,2023-02-14,Fail,0.0574,2,RUN-00112,AS-7741-FRAME,Line-Bravo,2023-02-14,Day,OP-012,2023-02,2023,Internal,N/A,N/A
DEF-000064,Corrosion / Oxidation,Minor,Thread,Use-As-Is,119.16,INS-000178,FAI,2023-02-14,Fail,0.0574,2,RUN-00112,AS-7741-FRAME,Line-Bravo,2023-02-14,Day,OP-012,2023-02,2023,Internal,N/A,N/A
DEF-000241,Surface Finish Non-Conformance,Minor,Weld Zone,MRB Hold,180.64,INS-000688,Receiving,2023-02-14,Fail,0.0065,1,RUN-00451,AS-7741-FRAME,Line-Alpha,2023-02-12,Night,OP-001,2023-02,2023,Meridian Surface Treatments,Tier-3,Mexico
DEF-000128,Contamination,Major,Weld Zone,Use-As-Is,2847.6,INS-000372,FAI,2023-02-13,Fail,0.2557,6,RUN-00241,AS-7740-FRAME,Line-Bravo,2023-02-10,Day,OP-003,2023-02,2023,Internal,N/A,N/A
DEF-000200,Improper Torque,Minor,Weld Zone,Return to Supplier,153.47,INS-000573,IQC,2023-02-13,Fail,0.0633,6,RUN-00372,ST-8801-FASTENER,Line-Charlie,2023-02-12,Swing,OP-023,2023-02,2023,StratoMet Components,Tier-2,UK
DEF-000166,Contamination,Minor,Edge Break,MRB Hold,149.47,INS-000472,In-Process,2023-02-12,Fail,0.0206,6,RUN-00300,ST-8802-FASTENER,Line-Charlie,2023-02-10,Night,OP-013,2023-02,2023,Internal,N/A,N/A
DEF-000117,Missing Feature,Minor,Bore,Use-As-Is,451.97,INS-000339,Final,2023-02-10,Fail,0.0242,3,RUN-00221,ST-8801-FASTENER,Line-Charlie,2023-02-09,Night,OP-014,2023-02,2023,Internal,N/A,N/A
DEF-000129,Porosity / Void,Minor,Datum,MRB Hold,429.46,INS-000373,In-Process,2023-02-07,Fail,0.005,3,RUN-00242,AS-7740-FRAME,Line-Alpha,2023-02-04,Swing,OP-025,2023-02,2023,Internal,N/A,N/A
DEF-000082,Porosity / Void,Minor,Weld Zone,Return to Supplier,493.29,INS-000230,Receiving,2023-02-04,Fail,0.0348,4,RUN-00146,GD-2202-SERVO,Line-Delta,2023-02-02,Swing,OP-011,2023-02,2023,Delta Forge Industries,Tier-2,USA
DEF-000083,Contamination,Minor,Bore,Return to Supplier,371.38,INS-000230,Receiving,2023-02-04,Fail,0.0348,4,RUN-00146,GD-2202-SERVO,Line-Delta,2023-02-02,Swing,OP-011,2023-02,2023,Delta Forge Industries,Tier-2,USA
DEF-000243,Missing Feature,Minor,Thread,Scrap,387.38,INS-000704,FAI,2023-01-30,Fail,0.0535,4,RUN-00463,ST-8802-FASTENER,Line-Charlie,2023-01-29,Swing,OP-007,2023-01,2023,Internal,N/A,N/A
DEF-000244,Porosity / Void,Minor,Bore,MRB Hold,453.58,INS-000704,FAI,2023-01-30,Fail,0.0535,4,RUN-00463,ST-8802-FASTENER,Line-Charlie,2023-01-29,Swing,OP-007,2023-01,2023,Internal,N/A,N/A
DEF-000034,Porosity / Void,Minor,Edge Break,Rework,473.41,INS-000090,Receiving,2023-01-17,Fail,0.1165,3,RUN-00059,AS-7740-FRAME,Line-Charlie,2023-01-14,Swing,OP-023,2023-01,2023,Delta Forge Industries,Tier-2,USA
DEF-000194,Dimensional Out-of-Tolerance,Major,Flange,Use-As-Is,3158.26,INS-000559,Receiving,2023-01-16,Fail,0.0004,6,RUN-00361,AV-3301-PCB,Line-Charlie,2023-01-14,Swing,OP-025,2023-01,2023,Meridian Surface Treatments,Tier-3,Mexico
DEF-000035,Marking / Labeling Error,Minor,Seal Face,Rework,93.17,INS-000091,Final,2023-01-14,Fail,0.0916,4,RUN-00059,AS-7740-FRAME,Line-Charlie,2023-01-14,Swing,OP-023,2023-01,2023,Internal,N/A,N/A
DEF-000097,Marking / Labeling Error,Major,Surface,Use-As-Is,3152.17,INS-000280,In-Process,2023-01-11,Fail,0.0195,5,RUN-00179,PR-5502-NOZZLE,Line-Charlie,2023-01-11,Swing,OP-010,2023-01,2023,Internal,N/A,N/A
DEF-000098,Missing Feature,Minor,Bore,Rework,120.58,INS-000280,In-Process,2023-01-11,Fail,0.0195,5,RUN-00179,PR-5502-NOZZLE,Line-Charlie,2023-01-11,Swing,OP-010,2023-01,2023,Internal,N/A,N/A
DEF-000099,Contamination,Minor,Seal Face,Return to Supplier,316.38,INS-000280,In-Process,2023-01-11,Fail,0.0195,5,RUN-00179,PR-5502-NOZZLE,Line-Charlie,2023-01-11,Swing,OP-010,2023-01,2023,Internal,N/A,N/A
DEF-000068,Contamination,Minor,Thread,Scrap,475.18,INS-000189,Final,2023-01-09,Fail,0.027,1,RUN-00120,GD-2202-SERVO,Line-Delta,2023-01-06,Night,OP-013,2023-01,2023,Internal,N/A,N/A
DEF-000131,Missing Feature,Minor,Flange,Use-As-Is,315.68,INS-000386,Final,2023-01-07,Fail,0.1911,4,RUN-00250,PR-5502-NOZZLE,Line-Charlie,2023-01-06,Swing,OP-010,2023-01,2023,Internal,N/A,N/A
DEF-000132,Contamination,Major,Weld Zone,Rework,2746.21,INS-000386,Final,2023-01-07,Fail,0.1911,4,RUN-00250,PR-5502-NOZZLE,Line-Charlie,2023-01-06,Swing,OP-010,2023-01,2023,Internal,N/A,N/A
